ID,Age,Gender,Sleep_Hours,Work_Study_Hours,Physical_Activity_Days_Per_Week,Social_Interaction_Score_0_10,Stress_Level_1_10,Anxiety_Score_0_21,Depression_Score_0_27,Screen_Time_Hours,Caffeine_Intake_0_5,Alcohol_Consumption_0_5,Family_History_0_1,Therapy_History_0_1,Mental_Health_Condition
1,25,Other,7,7,1,3,10,5,13,11,0,3,1,1,Anxiety
2,22,Male,7,11,4,9,1,9,22,1,3,5,1,0,Stress
3,53,Male,4,8,3,10,5,20,0,1,2,4,1,1,Depression
4,59,Other,6,10,2,5,4,20,21,5,3,0,1,1,Anxiety+Depression
5,43,Male,7,6,0,10,10,16,21,10,2,1,1,1,Depression
6,48,Male,8,4,0,1,5,20,10,5,1,2,0,1,Stress
7,48,Other,9,12,3,10,7,9,3,12,4,2,0,0,Stress
8,35,Female,4,12,2,5,1,17,9,2,5,0,1,0,Anxiety+Depression
9,38,Male,8,11,5,5,8,21,8,1,5,3,0,1,Stress
10,28,Male,8,10,2,3,5,13,1,7,4,1,1,1,Anxiety
11,33,Other,4,11,0,4,8,15,8,8,0,2,0,1,Anxiety+Depression
12,58,Male,7,12,7,3,10,8,7,1,3,3,0,0,No Condition
13,55,Male,5,9,4,10,6,16,21,4,4,1,1,1,Stress
14,30,Male,5,4,6,0,10,3,21,2,4,0,1,1,Anxiety
15,49,Other,9,6,2,7,8,18,15,11,5,0,1,1,Anxiety+Depression
16,20,Other,7,10,7,4,2,19,5,9,0,0,0,0,Depression
17,50,Other,8,6,1,5,1,10,4,9,5,4,1,0,No Condition
18,19,Female,6,8,7,6,9,4,23,10,1,0,1,0,No Condition
19,44,Female,4,7,6,6,10,20,3,7,5,4,1,0,Anxiety
20,45,Female,9,6,6,5,1,3,27,1,5,5,0,1,Stress
21,50,Female,3,10,2,6,9,10,6,4,1,3,0,0,Stress
22,21,Female,5,12,0,2,1,12,25,6,5,5,0,1,Anxiety
23,45,Female,7,5,5,4,7,20,25,1,3,2,0,0,Stress
24,46,Other,5,12,0,6,9,9,10,4,4,3,0,1,Anxiety
25,41,Male,5,9,7,10,4,12,18,7,2,3,0,1,Stress
26,36,Female,9,5,5,7,6,8,1,11,5,1,1,1,Anxiety
27,41,Female,8,8,7,1,10,12,6,4,0,0,0,0,Depression
28,25,Male,4,10,1,4,10,9,9,8,1,1,1,1,Anxiety+Depression
29,28,Other,8,6,0,0,9,20,12,3,2,0,0,1,Depression
30,22,Other,3,7,1,4,1,11,16,8,2,0,1,0,Depression
31,48,Male,3,11,4,0,6,18,16,6,0,1,1,1,Stress
32,60,Male,8,6,0,2,3,12,1,5,0,0,1,1,No Condition
33,57,Female,7,4,3,6,3,13,8,10,4,3,1,1,Anxiety
34,30,Male,7,5,5,5,8,14,16,7,0,0,1,0,Stress
35,22,Male,6,4,4,10,7,20,16,8,3,2,0,0,Stress
36,53,Other,8,12,5,9,1,12,20,5,0,1,1,0,No Condition
37,44,Male,8,11,6,0,8,7,7,1,4,1,0,1,Anxiety
38,35,Male,5,5,6,2,9,5,18,7,2,5,1,1,No Condition
39,22,Female,3,11,3,6,10,5,2,4,4,5,0,1,Anxiety+Depression
40,26,Female,7,9,5,3,4,16,4,4,0,2,1,1,Depression
41,22,Male,3,6,3,0,3,3,27,11,3,2,0,1,Anxiety
42,54,Other,4,8,7,6,1,13,13,9,1,4,1,1,Anxiety+Depression
43,33,Male,3,10,5,4,1,2,18,1,0,0,0,0,Anxiety+Depression
44,43,Male,5,9,0,7,9,21,15,8,2,3,1,1,Depression
45,29,Male,5,4,6,0,3,12,18,1,2,5,1,1,Stress
46,59,Female,3,5,1,10,8,2,2,1,2,2,0,1,Stress
47,37,Other,8,7,7,5,9,6,5,3,1,5,0,1,No Condition
48,25,Female,8,10,7,2,2,8,22,9,1,3,1,1,Stress
49,42,Other,5,12,5,2,1,13,6,5,0,2,0,0,Anxiety+Depression
50,57,Other,3,5,1,5,8,2,6,1,0,3,0,1,Stress
51,38,Male,9,8,0,3,6,19,14,1,3,3,1,0,Anxiety+Depression
52,59,Other,6,12,0,8,10,2,7,5,3,4,0,1,Stress
53,36,Other,4,12,4,10,6,14,7,12,1,0,0,1,Anxiety+Depression
54,47,Female,3,5,3,10,4,8,22,12,3,3,1,1,Stress
55,31,Male,8,7,2,9,1,10,25,9,1,4,1,0,Depression
56,60,Other,7,9,3,3,9,18,16,6,5,1,0,0,Depression
57,26,Male,4,8,1,10,6,6,23,9,3,2,0,1,Depression
58,52,Other,9,9,0,7,4,17,4,8,5,5,0,1,No Condition
59,25,Female,4,7,2,9,8,7,24,11,0,0,0,1,Stress
60,26,Other,3,6,3,1,6,21,21,1,2,4,1,1,Stress
61,31,Other,8,5,3,3,5,4,10,11,3,4,0,1,Anxiety+Depression
62,31,Male,9,4,4,6,4,17,22,3,1,1,0,0,No Condition
63,19,Other,9,8,5,3,5,5,1,9,2,2,0,0,Anxiety+Depression
64,22,Male,8,12,2,6,10,5,6,5,4,1,1,1,Stress
65,23,Male,7,5,3,10,7,6,4,1,4,3,0,0,Anxiety
66,55,Male,3,6,7,2,7,15,13,2,4,2,1,1,Depression
67,41,Other,6,9,6,5,7,5,13,9,2,1,0,1,Depression
68,43,Female,8,5,3,9,1,20,2,3,4,4,1,0,No Condition
69,31,Male,8,4,7,1,2,11,5,2,3,1,0,0,No Condition
70,20,Female,7,4,6,8,3,13,5,7,5,0,0,0,Anxiety+Depression
71,43,Male,5,9,0,3,3,13,20,9,4,2,1,1,Anxiety+Depression
72,51,Female,6,6,3,7,9,17,1,6,2,4,1,1,Depression
73,33,Male,3,5,3,5,8,2,21,4,0,5,0,1,Depression
74,30,Female,8,10,1,8,3,0,14,9,3,5,0,0,Anxiety+Depression
75,49,Other,4,8,0,5,8,16,1,2,2,2,1,0,No Condition
76,52,Other,6,4,4,9,8,11,23,5,5,4,1,0,Anxiety+Depression
77,56,Female,6,8,0,4,10,17,1,10,5,2,0,1,Stress
78,59,Female,9,11,7,2,8,6,19,3,0,5,1,1,Anxiety
79,26,Female,5,8,6,3,5,0,6,7,3,2,1,1,Anxiety+Depression
80,24,Other,8,4,7,2,8,18,3,7,3,3,0,0,Anxiety
81,58,Other,7,4,4,4,9,0,0,1,4,2,0,0,Anxiety
82,33,Male,7,11,5,3,2,5,5,6,0,0,0,0,No Condition
83,35,Female,9,10,2,5,7,20,3,5,4,0,1,0,Anxiety
84,43,Male,7,10,1,5,4,10,8,2,5,4,0,0,Anxiety+Depression
85,49,Male,3,5,4,4,3,12,25,5,2,5,1,1,Anxiety+Depression
86,39,Female,3,12,4,6,8,9,10,1,5,4,1,1,Stress
87,26,Male,7,12,7,10,2,11,12,6,1,2,1,0,Anxiety+Depression
88,54,Other,3,7,3,5,4,21,21,11,2,4,0,1,Anxiety+Depression
89,34,Male,7,7,2,8,1,12,18,12,5,1,1,1,Anxiety+Depression
90,55,Other,4,5,6,0,5,19,12,5,1,0,1,0,Stress
91,43,Female,5,9,3,7,2,10,6,3,3,5,1,1,Depression
92,54,Female,8,6,6,0,4,0,3,1,3,1,0,0,Stress
93,49,Other,7,11,5,5,10,19,11,5,5,0,1,0,Anxiety
94,52,Female,5,10,2,5,5,5,4,4,0,0,1,0,Anxiety+Depression
95,43,Female,3,4,2,8,5,20,7,1,1,0,0,1,Anxiety
96,47,Other,9,4,6,3,7,19,16,7,2,1,0,0,Anxiety+Depression
97,19,Male,6,9,4,6,2,5,1,5,5,1,1,0,Anxiety+Depression
98,40,Female,7,9,2,6,8,6,18,1,1,3,1,1,Anxiety
99,53,Other,5,12,7,6,9,16,23,3,1,0,1,0,Anxiety+Depression
100,20,Female,9,12,2,2,6,9,6,7,0,0,1,0,Depression
101,24,Female,6,5,6,3,1,11,16,3,2,5,0,1,Anxiety+Depression
102,60,Other,8,8,3,2,9,10,3,6,1,1,0,0,No Condition
103,30,Female,5,9,6,7,7,20,3,9,3,2,0,1,Anxiety+Depression
104,25,Other,3,5,7,4,7,21,16,2,3,5,1,1,Stress
105,42,Female,5,12,5,8,4,0,21,9,2,4,1,0,No Condition
106,30,Male,6,11,3,3,5,17,1,2,4,3,1,0,Depression
107,51,Other,7,6,5,4,7,3,14,7,2,0,0,0,Depression
108,59,Female,3,4,7,6,1,5,15,12,1,4,1,1,Anxiety
109,56,Other,4,5,1,2,10,8,4,6,0,3,0,0,Anxiety+Depression
110,19,Male,7,9,4,1,9,15,4,6,0,1,1,0,Anxiety+Depression
111,25,Other,5,12,4,10,7,0,21,11,5,3,1,1,Depression
112,37,Female,8,7,5,10,7,21,11,2,3,4,1,1,Anxiety+Depression
113,42,Male,9,12,3,8,10,6,5,5,2,0,0,1,Stress
114,58,Male,9,7,5,1,7,20,6,12,4,2,1,0,Anxiety+Depression
115,20,Other,4,8,1,1,8,13,7,5,2,5,0,0,No Condition
116,60,Female,6,6,3,6,9,3,22,5,4,1,0,0,Anxiety
117,49,Other,9,12,6,0,3,19,0,5,4,1,1,1,No Condition
118,59,Female,9,8,0,3,2,1,27,10,2,1,0,0,Stress
119,26,Other,4,7,4,8,2,19,7,11,1,5,0,1,Stress
120,20,Male,6,11,3,10,3,3,2,4,1,4,0,1,Stress
121,49,Other,6,7,4,4,7,18,18,2,2,5,0,0,Anxiety
122,57,Male,8,8,4,8,5,10,17,10,5,2,0,1,Stress
123,22,Female,4,4,6,3,5,8,23,11,4,0,1,0,Depression
124,30,Female,9,6,5,7,2,17,20,5,4,5,0,0,No Condition
125,58,Male,9,8,5,9,5,20,13,2,5,2,1,1,Anxiety+Depression
126,24,Male,4,7,6,3,10,19,6,5,3,1,1,0,Stress
127,37,Other,8,11,3,3,5,17,23,10,2,3,0,0,Stress
128,31,Male,4,9,1,8,5,8,19,12,3,1,0,0,Depression
129,57,Male,3,11,1,2,10,11,15,1,1,0,1,0,Stress
130,43,Other,5,6,2,8,6,17,13,9,3,4,1,0,Depression
131,42,Other,3,4,5,10,9,1,1,6,4,3,1,1,Anxiety+Depression
132,31,Female,5,8,4,0,7,9,25,6,4,0,0,0,Stress
133,35,Other,5,11,6,0,6,4,2,6,1,3,1,0,Anxiety
134,59,Female,6,12,6,7,3,13,10,3,1,2,0,0,Stress
135,33,Female,5,5,0,2,4,6,3,9,0,4,1,0,Stress
136,22,Female,5,7,6,2,7,1,2,6,4,0,1,0,No Condition
137,24,Female,6,11,4,9,4,3,22,4,1,0,1,0,Stress
138,58,Other,9,10,7,5,8,8,9,10,2,2,0,0,Anxiety
139,23,Other,6,12,3,5,7,9,25,9,3,1,1,0,Anxiety+Depression
140,28,Other,4,9,0,2,10,0,24,10,3,1,0,0,No Condition
141,54,Male,3,11,3,6,4,12,27,9,3,2,0,1,Anxiety+Depression
142,49,Other,9,6,6,6,10,17,23,2,4,0,1,0,Anxiety
143,34,Other,6,4,0,2,2,19,17,1,3,5,1,1,Anxiety
144,18,Male,4,9,0,9,5,1,25,7,3,5,0,0,Depression
145,28,Other,5,8,5,7,5,14,1,5,5,4,1,0,Stress
146,31,Male,4,11,1,9,8,19,14,4,2,5,1,1,No Condition
147,39,Other,4,6,3,7,8,15,19,12,0,3,0,1,Stress
148,27,Male,5,11,5,4,6,5,8,10,5,1,0,0,No Condition
149,57,Female,6,4,0,3,4,15,16,6,4,2,1,1,Depression
150,38,Female,8,7,4,7,9,14,14,2,2,3,1,0,Depression
151,23,Male,4,6,2,10,5,12,16,3,4,5,1,0,Depression
152,33,Male,6,6,7,8,6,12,22,1,0,3,1,0,Stress
153,29,Other,5,4,5,3,6,0,24,11,2,4,0,0,Depression
154,43,Other,9,6,6,6,5,11,7,10,3,1,0,1,Anxiety
155,37,Male,6,8,1,5,3,15,26,10,5,2,0,1,Anxiety+Depression
156,23,Male,9,10,1,6,5,10,26,2,0,2,0,0,Anxiety
157,55,Female,4,10,3,6,5,15,5,10,3,3,0,1,Anxiety
158,28,Female,6,12,5,5,2,6,17,3,3,5,1,0,Anxiety
159,47,Female,8,5,6,2,5,2,0,5,1,0,0,1,Anxiety+Depression
160,45,Male,4,7,0,8,2,1,7,11,3,2,1,1,Anxiety+Depression
161,39,Male,8,10,4,2,7,21,8,1,3,4,1,0,Anxiety
162,55,Female,8,6,3,4,6,2,24,10,4,3,0,0,Stress
163,47,Female,9,11,6,6,6,10,23,7,5,5,0,0,Depression
164,45,Male,4,4,1,1,9,17,3,4,3,0,1,0,Anxiety+Depression
165,30,Other,6,7,7,10,2,5,10,1,4,5,0,1,No Condition
166,42,Female,7,5,3,5,3,14,25,10,3,3,0,1,Anxiety
167,33,Female,8,4,0,10,7,20,15,2,3,1,0,0,Anxiety+Depression
168,20,Female,8,4,0,10,2,13,16,7,0,0,1,0,Anxiety+Depression
169,50,Female,3,5,1,1,10,11,21,3,2,2,0,0,Anxiety+Depression
170,52,Male,3,10,7,2,5,4,25,2,1,2,0,0,Anxiety
171,57,Female,5,5,4,3,6,4,15,8,5,1,0,0,Depression
172,32,Male,7,9,4,5,8,6,18,9,2,1,0,0,Stress
173,55,Other,6,9,5,0,8,0,6,9,2,4,0,0,Depression
174,44,Male,5,7,3,9,2,4,4,3,0,4,1,1,Stress
175,50,Male,7,5,0,0,9,19,7,9,0,0,0,1,Anxiety+Depression
176,41,Female,5,5,7,2,10,0,17,9,4,3,0,1,Anxiety
177,26,Male,7,4,6,2,9,12,3,12,3,2,0,0,Depression
178,34,Female,8,12,2,0,1,4,5,10,1,0,0,1,Anxiety+Depression
179,51,Female,8,8,6,7,7,18,8,7,0,1,1,0,Anxiety
180,53,Other,6,8,0,3,5,7,21,1,5,5,1,1,Anxiety
181,54,Other,6,9,2,10,1,3,21,2,0,4,0,1,Anxiety+Depression
182,46,Male,5,11,0,1,8,10,3,9,1,2,1,0,Stress
183,20,Other,7,11,7,7,5,9,19,9,1,5,0,1,Anxiety+Depression
184,18,Other,6,5,7,3,4,14,7,3,2,2,0,1,Anxiety
185,41,Other,8,11,3,8,5,11,23,5,1,0,1,0,Anxiety+Depression
186,52,Other,9,6,0,7,2,17,9,2,2,3,0,1,Anxiety+Depression
187,25,Female,5,9,4,2,1,8,10,7,2,1,0,0,Stress
188,26,Other,6,12,1,1,6,19,6,11,0,5,1,0,No Condition
189,58,Male,7,4,3,3,1,6,14,4,0,3,1,1,Anxiety+Depression
190,21,Female,6,4,3,6,7,2,12,2,1,2,1,1,No Condition
191,33,Male,9,10,3,5,10,10,0,3,3,5,1,0,Stress
192,55,Male,5,6,4,5,2,20,1,1,0,1,0,1,Depression
193,44,Other,7,6,3,4,3,5,1,5,0,5,1,1,Depression
194,55,Other,6,7,3,7,3,4,27,4,3,2,1,0,No Condition
195,45,Male,6,4,6,3,6,10,11,7,0,1,1,0,Stress
196,29,Other,3,6,4,6,7,18,25,8,1,0,0,0,Stress
197,32,Other,7,7,7,1,2,20,3,7,3,1,0,0,Anxiety+Depression
198,47,Female,9,6,3,2,4,20,10,3,1,1,1,1,Stress
199,28,Female,8,12,3,7,8,14,27,8,3,4,1,1,Anxiety
200,25,Other,8,10,2,5,1,0,19,10,4,0,0,0,Anxiety+Depression
201,38,Other,4,9,5,3,2,15,19,9,4,5,0,0,Anxiety
202,32,Male,3,11,3,10,3,15,25,7,4,3,1,0,Anxiety
203,41,Male,4,8,4,1,2,13,19,8,1,0,0,1,Stress
204,27,Female,6,10,1,8,7,17,20,3,5,2,0,0,No Condition
205,42,Female,3,5,6,0,4,7,7,7,0,4,0,0,Anxiety+Depression
206,46,Other,3,10,2,6,4,10,1,8,3,0,1,1,Stress
207,41,Other,4,5,0,7,9,9,1,5,0,3,1,0,Anxiety
208,38,Female,3,6,1,9,9,19,21,3,5,0,0,1,Depression
209,39,Other,8,12,1,10,10,17,8,10,2,0,1,0,Stress
210,43,Male,8,12,5,4,7,15,2,11,5,1,0,1,Anxiety
211,30,Male,3,11,2,6,8,20,8,1,1,0,1,0,Anxiety+Depression
212,56,Male,3,12,5,1,8,19,23,7,1,1,0,0,Anxiety
213,50,Other,3,10,7,0,6,9,0,2,5,2,1,1,Anxiety
214,58,Other,5,5,1,5,3,17,5,3,0,3,0,0,No Condition
215,28,Male,3,10,7,6,3,16,19,11,0,1,0,0,No Condition
216,30,Other,3,5,3,3,2,12,0,1,3,0,0,1,Anxiety
217,20,Male,9,6,4,3,6,0,14,10,2,2,1,1,Anxiety
218,29,Female,7,12,4,8,9,5,13,5,4,0,1,1,Anxiety
219,21,Male,7,8,4,9,1,21,11,2,4,4,1,0,Anxiety+Depression
220,21,Other,7,9,7,8,7,6,6,5,2,4,1,0,Stress
221,32,Female,7,8,1,8,10,13,23,8,5,2,1,0,No Condition
222,59,Male,5,9,2,1,8,1,17,9,3,1,0,1,Anxiety+Depression
223,59,Male,4,8,6,6,9,11,15,5,3,1,0,1,Anxiety+Depression
224,56,Other,6,9,4,9,7,6,9,6,2,5,0,0,Stress
225,50,Male,8,12,2,7,2,11,26,5,2,4,1,0,Stress
226,56,Male,9,11,2,10,9,10,20,5,5,5,0,0,Depression
227,29,Other,8,7,1,9,1,12,6,2,0,2,1,1,Depression
228,42,Other,4,4,6,0,10,18,0,6,2,1,1,1,Depression
229,20,Other,3,4,3,4,3,16,15,5,0,0,0,0,Depression
230,52,Other,3,11,6,0,1,19,14,11,4,1,0,1,No Condition
231,38,Female,8,10,3,5,7,4,26,4,0,4,0,0,Depression
232,56,Other,3,6,3,0,5,3,14,3,4,5,0,1,No Condition
233,38,Female,3,5,1,1,5,6,16,9,4,3,1,0,Depression
234,25,Other,5,10,5,0,5,20,4,7,4,3,0,0,Anxiety+Depression
235,47,Male,9,9,4,2,4,14,0,1,0,2,1,1,Stress
236,58,Female,4,11,3,6,7,18,18,3,2,3,1,1,Anxiety
237,58,Other,5,6,1,8,9,18,24,4,3,0,0,1,Stress
238,25,Other,9,12,7,2,3,15,3,4,3,0,0,0,Stress
239,19,Male,4,4,6,2,4,20,11,10,1,0,1,0,Depression
240,40,Other,4,9,6,1,9,11,10,11,0,5,1,0,Stress
241,44,Female,3,11,1,4,4,17,17,3,5,1,0,0,Stress
242,45,Male,8,10,2,1,9,1,19,11,4,5,1,1,No Condition
243,21,Male,7,12,6,6,9,2,11,2,1,5,1,1,Anxiety
244,33,Female,6,12,0,10,6,6,10,1,0,2,0,1,No Condition
245,53,Other,8,10,0,1,6,5,3,4,1,3,0,0,Anxiety+Depression
246,57,Female,4,8,2,1,4,15,22,11,3,2,1,0,No Condition
247,20,Male,7,9,6,2,4,4,2,2,2,0,1,1,Anxiety
248,46,Other,6,8,5,7,8,9,16,11,0,4,0,1,Stress
249,48,Male,8,8,6,5,3,9,15,4,4,2,1,1,Stress
250,26,Male,9,10,3,10,5,8,4,6,4,2,0,0,Depression
251,48,Male,3,7,7,6,3,4,27,12,1,1,0,0,Depression
252,27,Female,8,7,7,8,9,1,12,9,0,1,0,0,Anxiety
253,35,Other,6,8,1,0,1,15,22,7,1,1,0,1,Depression
254,30,Female,4,11,2,2,6,17,23,11,2,3,1,0,Anxiety
255,26,Male,4,9,3,0,2,1,20,7,4,5,1,1,Anxiety+Depression
256,26,Female,7,5,4,2,9,11,0,7,3,3,1,0,Depression
257,52,Female,4,10,3,4,4,5,3,11,5,1,1,1,Anxiety+Depression
258,54,Female,7,12,6,10,10,1,24,10,1,2,1,0,Anxiety
259,45,Other,7,6,3,9,4,5,10,9,1,4,0,1,Stress
260,29,Female,9,6,2,8,10,20,6,10,3,5,0,0,Anxiety
261,41,Male,9,11,2,5,8,3,26,5,5,5,1,0,Anxiety
262,49,Female,5,7,4,10,10,0,9,10,0,3,0,0,No Condition
263,31,Other,8,4,5,0,5,4,6,5,2,2,1,0,No Condition
264,30,Other,4,9,1,4,6,14,20,5,4,1,0,1,No Condition
265,18,Female,4,6,4,10,5,13,24,11,1,0,1,1,Stress
266,56,Other,9,12,1,3,6,4,2,2,5,1,0,0,Stress
267,30,Male,9,6,1,4,10,20,7,3,4,3,1,1,No Condition
268,24,Female,6,6,7,4,6,10,1,8,3,2,0,0,Depression
269,56,Male,5,4,3,3,8,2,9,6,3,0,1,1,Stress
270,45,Other,3,4,6,10,3,6,23,5,0,0,1,0,No Condition
271,46,Female,6,8,6,9,5,8,23,11,4,2,1,0,Anxiety+Depression
272,50,Male,3,12,0,8,6,20,26,8,2,5,1,0,Anxiety
273,31,Female,8,11,6,6,9,2,2,8,2,0,0,0,Anxiety
274,23,Female,4,6,2,6,3,6,26,7,2,1,0,1,Anxiety
275,48,Other,3,6,2,9,7,12,14,3,5,2,1,1,No Condition
276,53,Female,7,4,4,4,2,5,14,5,0,5,1,0,Depression
277,55,Other,3,5,1,2,8,2,26,11,4,2,1,0,Stress
278,19,Other,6,11,6,0,7,0,27,3,0,1,1,0,No Condition
279,47,Female,4,7,2,2,3,3,12,5,1,0,0,1,Depression
280,45,Male,5,7,0,4,2,6,18,5,2,1,1,0,Anxiety
281,26,Male,9,4,3,5,10,3,19,4,1,0,1,0,No Condition
282,53,Female,5,8,2,1,2,20,22,6,4,0,1,0,Anxiety+Depression
283,38,Male,7,9,1,4,5,2,16,11,3,4,1,0,Anxiety
284,54,Male,9,5,6,10,7,10,17,12,0,2,1,1,Stress
285,52,Female,5,10,6,10,8,20,21,6,3,1,0,1,Depression
286,26,Female,8,10,4,4,8,6,12,7,1,4,0,1,Stress
287,31,Other,5,11,7,3,10,12,12,1,4,2,0,0,Stress
288,47,Other,5,4,1,3,6,18,8,4,3,3,0,0,No Condition
289,54,Other,3,5,2,5,4,10,12,6,1,5,1,1,Stress
290,32,Female,6,11,2,10,8,9,8,4,2,2,0,1,Anxiety+Depression
291,35,Female,7,8,2,3,8,13,23,2,0,3,1,1,No Condition
292,31,Other,4,12,6,3,4,0,1,10,0,4,0,1,Anxiety
293,58,Other,5,4,3,5,6,13,19,8,3,4,0,0,Stress
294,60,Male,5,5,7,1,1,18,24,12,0,1,0,0,Anxiety
295,54,Other,5,8,7,4,9,3,23,3,5,1,1,1,Depression
296,18,Male,3,8,4,4,1,9,24,9,4,0,1,1,Stress
297,45,Male,5,11,2,3,3,21,20,7,3,5,0,0,Stress
298,59,Other,8,9,5,6,5,8,18,1,1,0,1,1,Anxiety+Depression
299,56,Other,5,9,2,1,2,6,25,3,2,4,0,1,No Condition
300,40,Other,7,11,5,8,5,3,1,12,1,0,0,0,Depression
301,45,Male,6,5,6,6,2,7,2,3,0,5,1,0,Depression
302,22,Male,7,6,1,10,10,2,26,2,5,5,1,1,Stress
303,28,Female,7,11,5,1,6,17,9,8,4,5,1,0,No Condition
304,56,Male,8,6,2,1,4,1,7,9,5,1,0,0,Anxiety
305,36,Female,4,5,2,1,9,12,17,11,1,0,0,0,Stress
306,44,Other,9,5,7,4,1,14,0,7,5,5,1,1,Anxiety+Depression
307,28,Other,5,4,2,4,7,17,8,10,4,3,1,1,Anxiety
308,58,Female,3,8,0,1,4,9,1,12,2,5,0,0,Stress
309,48,Female,3,4,6,4,3,6,4,6,2,4,1,0,Depression
310,45,Female,5,9,0,1,2,20,24,8,3,1,0,1,Anxiety+Depression
311,22,Male,5,12,0,8,2,4,27,5,2,0,0,1,Anxiety+Depression
312,31,Other,8,7,7,1,6,15,21,2,4,5,0,1,Anxiety+Depression
313,25,Other,7,6,0,1,6,1,20,4,1,4,0,0,Anxiety+Depression
314,39,Female,8,11,5,10,6,5,24,6,3,0,0,0,Depression
315,26,Other,6,7,5,2,1,7,2,10,4,5,1,1,Anxiety
316,41,Female,9,8,5,1,7,7,13,4,5,1,0,1,Anxiety+Depression
317,21,Other,3,7,0,7,4,12,8,8,2,2,1,0,Depression
318,38,Male,4,5,7,10,4,5,12,4,4,2,1,0,Anxiety+Depression
319,39,Female,7,5,2,2,2,8,18,11,0,3,1,1,Depression
320,38,Female,6,11,4,0,1,1,17,2,0,1,1,1,Anxiety+Depression
321,54,Male,9,5,3,5,10,18,15,12,0,4,1,0,Anxiety+Depression
322,25,Female,9,10,0,5,3,0,26,2,2,3,1,1,No Condition
323,53,Male,7,6,1,3,2,21,6,1,2,3,0,0,Stress
324,38,Male,4,8,5,7,8,20,4,10,1,2,0,0,Anxiety
325,60,Female,4,6,6,7,2,21,13,3,2,1,0,1,Depression
326,33,Female,9,11,5,10,9,18,18,6,4,0,0,1,Anxiety+Depression
327,59,Other,9,9,1,6,6,7,7,12,5,0,0,0,Depression
328,37,Other,5,4,4,3,9,21,17,11,0,4,1,0,Depression
329,42,Female,7,11,5,6,3,8,2,12,2,0,0,1,Depression
330,39,Male,9,5,3,6,1,5,3,5,4,1,0,0,Anxiety+Depression
331,47,Male,9,5,0,7,7,2,14,9,2,0,1,0,Anxiety+Depression
332,44,Other,7,12,2,7,6,7,0,4,3,0,0,0,Anxiety
333,42,Male,5,11,6,9,4,12,27,6,2,2,0,1,Anxiety+Depression
334,29,Other,6,9,0,6,6,15,12,9,2,1,1,0,Anxiety+Depression
335,26,Female,6,6,7,1,9,1,18,1,2,0,1,0,Anxiety+Depression
336,24,Other,7,7,0,9,6,17,13,11,5,4,0,0,Depression
337,34,Other,8,5,1,5,6,16,13,3,1,5,1,1,Depression
338,45,Female,5,10,0,4,8,8,19,10,3,2,1,0,Anxiety
339,29,Male,4,10,6,9,2,8,15,3,4,0,1,0,Stress
340,39,Female,4,11,0,7,3,1,10,7,0,1,0,1,No Condition
341,52,Female,9,6,7,0,6,1,7,4,1,4,1,1,No Condition
342,46,Other,7,9,0,2,3,3,12,3,0,1,0,0,Anxiety
343,41,Male,9,11,1,1,4,10,11,4,5,4,1,0,Anxiety+Depression
344,37,Female,9,10,2,8,4,8,6,6,0,4,1,1,Stress
345,40,Other,7,9,6,6,2,9,6,11,5,4,0,1,Depression
346,47,Other,5,7,6,5,3,12,11,10,2,5,0,1,Anxiety+Depression
347,44,Male,7,5,1,1,5,2,26,1,2,4,1,0,Stress
348,31,Male,9,9,6,8,3,13,11,3,2,2,1,1,No Condition
349,26,Male,9,9,2,5,6,13,1,12,3,0,0,0,Depression
350,19,Male,5,9,7,1,4,3,8,10,5,5,1,0,Anxiety+Depression
351,37,Other,6,7,5,9,2,7,17,3,0,3,1,1,Anxiety+Depression
352,28,Female,9,7,3,9,5,2,0,5,1,3,0,0,Anxiety+Depression
353,60,Other,8,10,6,9,8,1,1,2,2,2,1,0,Stress
354,21,Other,6,5,4,1,2,18,6,10,1,3,0,1,Depression
355,24,Female,7,5,0,9,9,18,11,11,5,3,0,0,Anxiety+Depression
356,20,Other,9,11,7,4,1,15,25,7,5,2,1,0,No Condition
357,29,Other,5,5,7,7,6,7,9,4,1,3,0,1,No Condition
358,39,Female,6,8,3,2,7,12,18,4,2,1,0,1,Anxiety
359,47,Male,8,9,3,1,1,2,6,8,4,0,1,1,Depression
360,18,Female,7,4,1,10,3,1,16,10,0,0,1,1,No Condition
361,48,Other,4,8,5,0,6,7,10,4,1,5,0,0,Anxiety+Depression
362,33,Other,7,5,0,8,10,14,5,5,4,2,1,1,Stress
363,36,Female,7,9,2,2,6,5,11,6,2,2,1,1,No Condition
364,49,Male,9,8,6,7,4,20,25,5,4,2,0,0,Stress
365,18,Female,5,12,3,7,6,1,23,4,2,3,0,0,Depression
366,55,Other,9,5,2,5,6,15,6,9,2,4,0,0,Stress
367,42,Other,3,7,0,7,10,14,7,6,3,3,0,1,Anxiety+Depression
368,54,Male,7,12,3,2,6,2,18,8,4,0,0,0,Depression
369,46,Female,6,7,5,6,1,21,7,5,3,2,0,0,Anxiety+Depression
370,44,Female,7,5,4,4,3,7,14,1,2,1,0,1,Stress
371,37,Male,5,11,0,4,4,4,27,8,5,0,1,1,Depression
372,38,Female,6,8,2,1,10,16,11,7,1,5,0,0,Anxiety
373,34,Other,6,9,4,9,10,6,18,7,2,5,0,1,Anxiety
374,46,Female,9,11,7,4,9,5,9,12,0,4,0,0,Anxiety
375,25,Male,7,8,1,1,9,9,8,7,3,5,1,0,Anxiety+Depression
376,23,Other,6,5,4,4,2,9,8,12,1,1,1,1,Stress
377,21,Male,6,11,7,4,8,10,11,2,5,2,1,1,Anxiety+Depression
378,49,Other,5,11,7,5,9,11,16,8,2,3,0,1,Anxiety
379,23,Other,3,12,6,4,7,10,21,8,1,5,0,1,No Condition
380,46,Female,7,6,6,1,8,0,25,12,1,1,1,0,Depression
381,58,Other,4,10,4,10,7,0,17,10,3,2,0,0,No Condition
382,40,Other,3,5,1,6,5,1,12,9,1,3,1,1,Stress
383,59,Other,3,9,4,8,7,16,6,4,1,5,0,1,No Condition
384,23,Other,5,12,7,7,6,19,26,3,4,1,0,1,No Condition
385,48,Female,4,11,1,3,7,0,5,12,1,1,1,0,Anxiety+Depression
386,27,Female,8,9,7,5,7,17,7,6,3,0,1,0,Depression
387,34,Female,7,5,5,6,7,12,16,6,2,4,0,0,Anxiety+Depression
388,25,Female,9,9,3,5,2,15,12,5,1,3,0,0,Anxiety
389,24,Male,6,9,2,3,4,17,8,9,3,2,0,1,Anxiety+Depression
390,60,Other,5,11,2,10,5,3,8,8,4,3,0,1,Anxiety+Depression
391,37,Male,8,8,4,0,3,16,6,4,2,2,0,0,Anxiety
392,55,Male,7,10,4,5,2,10,5,8,5,0,0,0,Depression
393,54,Other,7,11,3,2,8,17,8,7,5,4,0,1,Anxiety+Depression
394,21,Female,4,12,7,3,1,1,7,3,1,3,1,1,Anxiety+Depression
395,48,Other,5,4,0,10,6,0,9,1,2,2,0,1,Stress
396,39,Male,4,4,1,2,5,12,0,2,0,3,0,0,Anxiety+Depression
397,50,Other,9,8,5,1,10,20,20,8,4,5,0,1,Anxiety+Depression
398,29,Female,9,8,6,8,10,19,6,6,5,2,0,1,Anxiety+Depression
399,33,Other,5,12,5,5,8,17,22,7,2,3,1,0,Depression
400,38,Male,3,7,2,5,4,12,14,8,5,1,1,0,Anxiety+Depression
401,25,Other,5,12,1,5,3,4,0,12,1,0,1,0,Anxiety
402,52,Other,6,10,0,2,7,19,16,1,0,3,1,1,Anxiety
403,47,Male,9,10,0,6,1,19,24,6,0,4,1,1,Anxiety+Depression
404,58,Male,6,11,0,0,1,11,19,12,5,0,1,0,Stress
405,33,Female,3,11,1,3,5,5,18,6,1,2,1,0,No Condition
406,40,Male,3,10,5,7,3,10,11,11,5,0,1,1,Depression
407,36,Female,9,7,1,0,6,8,27,6,2,3,0,1,Depression
408,28,Other,4,5,5,5,7,15,6,9,0,1,1,1,Depression
409,56,Female,9,6,3,9,10,12,1,9,4,3,1,1,Stress
410,34,Male,5,4,5,8,6,19,7,12,3,4,0,1,Depression
411,30,Male,8,11,3,4,10,20,11,9,2,5,0,1,Stress
412,27,Female,6,8,4,5,5,18,26,1,2,4,0,1,Anxiety
413,40,Male,4,12,5,6,2,2,25,8,0,4,0,1,Depression
414,47,Male,3,11,4,4,8,12,21,11,3,0,1,0,Anxiety
415,52,Male,7,5,3,2,3,19,22,12,5,1,0,1,Anxiety
416,21,Other,9,7,6,6,6,18,11,2,4,0,0,0,Stress
417,49,Male,7,9,6,10,5,17,3,7,2,3,0,1,Stress
418,38,Female,4,7,2,5,2,4,16,4,5,2,1,1,Anxiety+Depression
419,23,Other,5,12,5,7,7,13,16,8,3,1,0,1,Anxiety+Depression
420,27,Female,9,9,7,2,9,16,18,11,5,2,1,1,No Condition
421,26,Female,6,11,7,8,4,15,4,2,2,0,0,0,Anxiety
422,28,Other,7,7,2,7,10,10,2,6,0,3,1,1,Stress
423,40,Other,7,12,2,6,10,4,25,3,2,1,1,0,Anxiety
424,30,Male,5,8,2,7,2,12,18,11,2,1,0,0,Stress
425,30,Male,8,12,0,2,1,10,18,10,2,4,0,0,Stress
426,45,Male,6,5,6,10,10,3,16,1,1,5,0,1,No Condition
427,49,Female,9,8,5,8,8,20,19,4,5,3,1,0,Stress
428,59,Female,5,6,1,10,6,20,10,12,4,1,0,0,Anxiety
429,39,Male,8,11,5,8,10,11,4,9,1,3,0,0,Stress
430,44,Other,4,4,5,5,7,5,17,8,4,1,1,0,Stress
431,19,Female,5,5,2,9,10,12,9,9,5,0,0,0,Anxiety+Depression
432,41,Male,5,5,0,7,1,6,6,5,1,3,0,0,Depression
433,56,Male,4,4,6,1,7,10,27,3,2,4,0,0,Anxiety+Depression
434,48,Male,6,6,3,10,7,7,11,9,5,3,0,1,Anxiety+Depression
435,36,Other,6,8,3,4,10,12,15,1,2,1,0,1,No Condition
436,20,Male,3,10,2,6,7,12,6,2,0,0,0,0,Anxiety
437,54,Male,9,4,2,0,6,6,4,2,1,4,1,1,No Condition
438,35,Male,9,11,1,7,4,13,1,5,5,4,0,1,Anxiety
439,30,Male,3,10,4,2,6,3,16,11,3,3,0,0,No Condition
440,56,Other,5,11,4,8,7,7,23,4,5,2,1,1,Depression
441,55,Other,7,7,3,2,9,11,17,10,3,0,1,1,Anxiety
442,31,Female,5,12,0,4,5,3,2,4,2,2,1,1,Anxiety+Depression
443,49,Female,5,5,5,6,7,21,16,10,3,1,1,1,No Condition
444,34,Female,5,7,3,0,1,4,25,4,2,2,1,1,Stress
445,39,Female,4,5,6,6,3,0,19,3,0,2,1,1,Stress
446,38,Male,6,12,3,7,4,0,4,6,2,1,1,1,Depression
447,31,Male,9,10,1,1,5,13,13,1,2,1,0,1,Stress
448,35,Male,5,10,6,5,8,11,12,10,0,5,0,1,No Condition
449,21,Female,3,11,3,5,6,10,15,10,2,0,1,0,Stress
450,31,Male,8,12,0,1,3,14,6,1,5,1,1,1,Stress
451,40,Other,8,11,0,4,7,12,13,11,5,3,0,0,Anxiety+Depression
452,36,Male,5,9,4,1,7,17,21,9,0,2,0,1,Depression
453,44,Male,3,7,3,4,8,1,27,1,5,2,0,0,Stress
454,22,Male,6,9,0,9,3,19,19,3,4,2,0,1,No Condition
455,22,Male,4,8,2,5,4,3,11,8,0,5,1,0,Anxiety+Depression
456,44,Other,4,9,1,5,7,17,1,9,2,0,1,0,Depression
457,26,Female,3,9,4,4,6,21,6,10,0,3,0,0,Stress
458,21,Other,7,6,2,7,2,3,25,5,3,3,0,1,Anxiety+Depression
459,45,Female,4,5,3,2,2,4,12,1,5,3,0,1,Anxiety
460,32,Male,9,6,2,4,8,14,24,1,0,4,1,0,Depression
461,32,Female,5,11,1,1,6,19,17,11,5,2,1,1,Anxiety
462,40,Other,4,9,2,3,10,7,19,8,4,3,0,0,Anxiety
463,42,Female,3,4,3,4,9,3,15,1,3,1,1,0,No Condition
464,33,Other,7,6,1,8,1,16,5,3,4,2,1,0,Anxiety+Depression
465,22,Male,9,11,6,2,5,17,2,10,0,4,1,0,Stress
466,45,Female,9,10,2,6,1,2,25,4,3,4,1,0,Anxiety+Depression
467,35,Female,4,10,3,6,9,19,7,7,2,4,1,1,Stress
468,53,Other,8,4,4,10,10,9,7,10,0,5,0,1,Stress
469,24,Male,5,6,0,4,9,6,1,6,1,0,0,0,Anxiety+Depression
470,56,Male,8,8,6,6,5,18,22,5,5,1,1,1,Anxiety
471,54,Other,8,8,2,5,4,8,2,7,2,3,1,0,Depression
472,24,Other,6,7,6,4,7,18,8,3,4,0,0,1,Stress
473,60,Other,8,9,6,6,3,1,13,1,0,3,1,1,Anxiety+Depression
474,41,Male,6,10,5,6,7,3,24,1,2,1,0,1,Stress
475,42,Female,5,5,0,0,3,5,0,4,3,3,0,0,Stress
476,42,Female,6,11,3,7,5,1,8,11,0,1,1,0,Anxiety
477,24,Male,8,4,1,9,7,7,9,2,5,3,1,0,Anxiety
478,36,Other,3,11,4,0,8,10,9,11,2,5,0,0,Anxiety+Depression
479,49,Male,6,11,5,10,2,21,14,5,2,3,1,1,No Condition
480,30,Other,9,5,5,3,8,7,23,3,5,5,1,1,Anxiety
481,18,Female,7,11,7,6,3,15,14,6,4,5,1,0,Anxiety
482,54,Female,5,12,0,1,4,2,2,9,0,1,0,1,Anxiety
483,30,Male,6,5,0,3,6,17,21,6,0,1,1,0,No Condition
484,53,Male,3,9,6,4,5,8,25,10,0,2,1,0,No Condition
485,31,Female,5,5,3,7,7,13,25,10,2,5,1,0,Anxiety+Depression
486,38,Other,6,10,5,5,7,16,25,8,3,1,0,0,Stress
487,40,Male,8,5,3,0,8,19,3,9,1,2,1,1,Anxiety+Depression
488,26,Other,7,4,3,10,9,5,20,9,1,2,1,0,Anxiety
489,20,Other,4,7,1,3,8,14,4,5,3,1,0,0,Anxiety
490,36,Male,7,11,3,10,5,3,16,8,4,3,1,0,Depression
491,57,Female,8,11,0,1,4,21,14,10,5,5,0,1,Anxiety+Depression
492,40,Male,3,8,0,5,1,21,25,11,0,1,0,1,Depression
493,57,Other,4,4,6,0,2,5,23,3,3,5,0,1,Depression
494,46,Female,8,4,4,9,7,3,17,2,5,5,0,1,Anxiety+Depression
495,51,Other,9,6,1,6,10,18,19,5,5,3,1,0,Anxiety
496,29,Other,8,10,6,9,1,8,11,10,4,4,1,0,Anxiety+Depression
497,47,Female,9,12,2,1,2,9,19,12,3,3,1,1,No Condition
498,57,Other,4,8,4,9,7,15,10,2,3,4,1,0,No Condition
499,50,Other,6,8,7,2,10,21,22,7,1,1,0,1,Anxiety+Depression
500,59,Male,8,12,6,0,8,4,8,10,1,1,1,1,Depression
